state,district,flagged_canonical,target_canonical,flag_reason,n_report_days,n_target_report_days,n_shared_dates,decision,reason
Gujarat,Surat,Bardoli,Bardoli (Katod),similar_name_no_overlap,1,328,0,merge,"same district, never reports on the same date"
Madhya Pradesh,Shajapur,Akodiya,Akodia,similar_name_no_overlap,129,37,0,merge,"same district, never reports on the same date"
Madhya Pradesh,Mandsaur,Shamgarh,Shamgarh (F&V),similar_name_no_overlap,330,861,0,merge,"same district, never reports on the same date"
Madhya Pradesh,Dhar,Badnawar,Manawar,similar_name_no_overlap,410,879,0,keep_separate,User decision 2026-10-02: Badnawar and Manawar are different towns
Madhya Pradesh,Shajapur,Shajapur,Sajapur,similar_name_no_overlap,447,150,1,keep_separate,reports on 1 same date(s) as target
Madhya Pradesh,Badwani,Sendhwa (F&V),Sendhwa,similar_name_no_overlap,305,1363,0,merge,"same district, never reports on the same date"
Madhya Pradesh,Harda,Timarni (F&V),Timarni,similar_name_no_overlap,341,1649,0,merge,"same district, never reports on the same date"
Madhya Pradesh,Badwani,Badwani (F&V),Badwani,similar_name_no_overlap,384,629,0,merge,"same district, never reports on the same date"
Madhya Pradesh,Dhar,Manawar (F&V),Manawar,similar_name_no_overlap,341,879,0,merge,"same district, never reports on the same date"
Madhya Pradesh,Shajapur,Akodiya (F&V),Akodia,similar_name_no_overlap,17,166,0,merge,"same district, never reports on the same date"
Madhya Pradesh,Dhar,Dhamnod (F&V),Dhamnod,similar_name_no_overlap,241,1654,0,merge,"same district, never reports on the same date"
Madhya Pradesh,Chhatarpur,Chattarpur (F&V),Chhatarpur,similar_name_no_overlap,126,123,0,merge,"same district, never reports on the same date"
Madhya Pradesh,Hoshangabad,Hoshangabad (F&V),Hoshangabad,similar_name_no_overlap,247,872,0,merge,"same district, never reports on the same date"
Madhya Pradesh,Hoshangabad,Pipariya (F&V),Pipariya,similar_name_no_overlap,305,1441,0,merge,"same district, never reports on the same date"
Madhya Pradesh,Indore,Mhow (F&V),Mhow,similar_name_no_overlap,350,808,0,merge,"same district, never reports on the same date"
Madhya Pradesh,Sheopur,Sheopurkalan (F&V),Syopurkalan (F&V),similar_name_no_overlap,224,1587,0,merge,"same district, never reports on the same date"
Madhya Pradesh,Chhindwara,Chindwara (F&V),Chhindwara (F&V),similar_name_no_overlap,278,1754,0,merge,"same district, never reports on the same date"
Madhya Pradesh,Morena,Sabalgarh (F&V),Sabalgarh,similar_name_no_overlap,360,231,0,merge,"same district, never reports on the same date"
Madhya Pradesh,Harda,Sirali (F&V),Sirali,similar_name_no_overlap,133,295,0,merge,"same district, never reports on the same date"
Madhya Pradesh,Rewa,Rewa (F&V),Rewa,similar_name_no_overlap,190,11,0,merge,"same district, never reports on the same date"
Madhya Pradesh,Hoshangabad,Itarsi (F&V),Itarsi,similar_name_no_overlap,113,556,0,merge,"same district, never reports on the same date"
Madhya Pradesh,Chhindwara,Chhindwara,Chhindwara (F&V),similar_name_no_overlap,6,2032,5,keep_separate,reports on 5 same date(s) as target
Madhya Pradesh,Singroli,Singroli (F&V),Singroli,similar_name_no_overlap,71,441,0,merge,"same district, never reports on the same date"
Madhya Pradesh,Guna,Guna,Guna (F&V),similar_name_no_overlap,19,1441,0,merge,"same district, never reports on the same date"
Madhya Pradesh,Indore,Sanwer (F&V),Sanwer,similar_name_no_overlap,86,1943,0,merge,"same district, never reports on the same date"
Madhya Pradesh,Betul,Multai (F&V),Multai,similar_name_no_overlap,48,627,0,merge,"same district, never reports on the same date"
Madhya Pradesh,Sagar,Rehli (F&V),Rehli,similar_name_no_overlap,46,15,0,merge,"same district, never reports on the same date"
Madhya Pradesh,Jhabua,Thandla (F&V),Thandla,similar_name_no_overlap,50,1537,0,merge,"same district, never reports on the same date"
Madhya Pradesh,Dhar,Kukshi (F&V),Kukshi,similar_name_no_overlap,76,1447,0,merge,"same district, never reports on the same date"
Madhya Pradesh,Betul,Betul (F&V),Betul,similar_name_no_overlap,48,332,0,merge,"same district, never reports on the same date"
Uttar Pradesh,Badaun,Bisoli,Visoli,similar_name_no_overlap,43,1272,0,merge,"same district, never reports on the same date"
Uttar Pradesh,Pillibhit,Bishalpur,Vishalpur,similar_name_no_overlap,14,2573,0,merge,"same district, never reports on the same date"
Uttar Pradesh,Siddharth Nagar,Bansi,Wansi,similar_name_no_overlap,12,609,0,merge,"same district, never reports on the same date"
Madhya Pradesh,Seoni,Seoni (F&V),Seoni,similar_name_no_overlap,24,143,0,merge,"same district, never reports on the same date"
Madhya Pradesh,Dewas,Hatpiplya (F&V),Haatpipliya,similar_name_no_overlap,14,1831,0,merge,"same district, never reports on the same date"
Madhya Pradesh,Anupur,Anuppur (F&V),Anuppur,similar_name_no_overlap,3,444,0,merge,"same district, never reports on the same date"
Uttar Pradesh,Bareilly,Baheri,Bahedi,similar_name_no_overlap,1,2480,0,merge,"same district, never reports on the same date"
Gujarat,Morbi,Vankaner,Vankaner (Sub yard),similar_name_no_overlap,9,1990,0,merge,"same district, never reports on the same date"
Madhya Pradesh,Damoh,Damoh,Damoh (F&V),similar_name_no_overlap,1,1560,0,merge,"same district, never reports on the same date"
Uttar Pradesh,Ghazipur,Gazipur [Hapur record],Gazipur,district_corrected,1871,435,12,keep_separate,reports on 12 same date(s) as target
Uttar Pradesh,Ghazipur,Jangipura [Hapur record],Jangipura,district_corrected,1514,36,0,merge,"same district, never reports on the same date"
Uttar Pradesh,Ghazipur,Jamanian [Hapur record],Jamanian,district_corrected,118,25,0,merge,"same district, never reports on the same date"
Uttar Pradesh,Ghazipur,Yusufpur [Hapur record],Yusufpur,district_corrected,472,56,1,keep_separate,reports on 1 same date(s) as target
