feature,weight
roll_mean_30_rel,1.1377
momentum_30,-1.1377
roll_min_30_rel,-0.6689
hist_crash_rate,0.5903
state_share_falling_prev1,0.5211
roll_std_14,0.4713
roll_max_30_rel,-0.4396
lp_t,0.273
roll_min_7_rel,-0.2655
roll_std_30,0.2591
state_rel_prev1,0.25
state_n_markets_prev1,-0.2223
roll_max_7_rel,0.1923
yoy_change,0.1856
roll_mean_14_rel,-0.1742
roll_std_7,-0.1591
week_of_year,-0.1297
d_lag_1,0.1246
month,0.1167
roll_min_14_rel,0.0759
d_lag_14,-0.0729
slope_14,-0.0729
state_change_7_prev1,-0.0685
roll_max_14_rel,0.0609
d_lag_3,0.037
d_lag_28,0.0238
slope_7,0.0177
d_lag_7,0.0177
dow,0.0173
roll_mean_7_rel,-0.0008
report_freq_30,-0.0002
days_since_last_report,0.0
