state,commodity,raw_rows,dedupe_exact_dup,dedupe_alias_same_price,dedupe_other,staging_rows,flagged_invalid,valid_rows,valid_with_minmax_placeholder,suspect_low_rows,collapsed_in_daily,daily_fact_rows,check_raw_to_staging,check_flags
Gujarat,Onion,42496,0,0,0,42496,29,42467,4,203,4404,38063,0,0
Gujarat,Potato,38393,0,0,0,38393,22,38371,4,451,3047,35324,0,0
Gujarat,Tomato,48334,1,0,0,48333,238,48095,1,0,691,47404,0,0
Madhya Pradesh,Onion,80503,2,0,0,80501,1373,79128,8,365,4425,74703,0,0
Madhya Pradesh,Potato,59736,0,0,0,59736,200,59536,7,0,683,58853,0,0
Madhya Pradesh,Tomato,62603,0,0,0,62603,99,62504,10,744,402,62102,0,0
Maharashtra,Onion,116203,2,0,0,116201,205,115996,0,0,10159,105837,0,0
Maharashtra,Potato,48839,2,0,0,48837,52,48785,0,0,15,48770,0,0
Maharashtra,Tomato,83040,2,0,0,83038,259,82779,0,771,1727,81052,0,0
Uttar Pradesh,Onion,403088,8,0,0,403080,72,403008,2095,0,5244,397764,0,0
Uttar Pradesh,Potato,446031,11,0,0,446020,64,445956,2763,0,8082,437874,0,0
Uttar Pradesh,Tomato,397715,11,0,0,397704,84,397620,2677,1184,7094,390526,0,0
