year,n_rows,n_nonpositive,n_order,n_outlier,n_outlier_spec_rule,n_unit_suspect,n_invalid,n_suspect_low,pct_nonpositive,pct_order,pct_outlier,pct_unit_suspect,pct_invalid
2018.0,220786,0,0,160,512,221,380,610,0.0,0.0,0.07,0.1,0.17
2019.0,228998,0,0,191,528,4,195,972,0.0,0.0,0.08,0.0,0.09
2020.0,210123,0,0,83,567,12,95,257,0.0,0.0,0.04,0.01,0.05
2021.0,227468,0,0,69,511,34,103,176,0.0,0.0,0.03,0.01,0.05
2022.0,241840,0,0,74,531,1,75,404,0.0,0.0,0.03,0.0,0.03
2023.0,239499,0,40,214,2963,10,253,386,0.0,0.02,0.09,0.0,0.11
2024.0,225306,0,772,278,946,15,1022,445,0.0,0.34,0.12,0.01,0.45
2025.0,220590,0,0,546,895,11,555,462,0.0,0.0,0.25,0.0,0.25
2026.0,12332,0,0,13,55,6,19,6,0.0,0.0,0.11,0.05,0.15
,1826942,0,812,1628,7508,314,2697,3718,0.0,0.04,0.09,0.02,0.15
