month,commodity,median_modal_rs_qtl,n_market_days
2018-01-01,Onion,2800.0,5895
2018-01-01,Potato,500.0,6401
2018-01-01,Tomato,960.0,5681
2018-02-01,Onion,2050.0,5389
2018-02-01,Potato,500.0,5820
2018-02-01,Tomato,700.0,5104
2018-03-01,Onion,1300.0,5717
2018-03-01,Potato,665.0,6194
2018-03-01,Tomato,600.0,5518
2018-04-01,Onion,950.0,5728
2018-04-01,Potato,875.0,5929
2018-04-01,Tomato,620.0,5245
2018-05-01,Onion,800.0,6524
2018-05-01,Potato,1160.0,6435
2018-05-01,Tomato,600.0,5752
2018-06-01,Onion,860.0,6068
2018-06-01,Potato,1260.0,5765
2018-06-01,Tomato,920.0,5235
2018-07-01,Onion,1240.0,6080
2018-07-01,Potato,1310.0,5919
2018-07-01,Tomato,1850.0,5572
2018-08-01,Onion,1250.0,6189
2018-08-01,Potato,1260.0,6232
2018-08-01,Tomato,1600.0,5795
2018-09-01,Onion,1165.0,6262
2018-09-01,Potato,1240.0,6333
2018-09-01,Tomato,1175.0,6042
2018-10-01,Onion,1200.0,6554
2018-10-01,Potato,1260.0,6512
2018-10-01,Tomato,1150.0,6380
2018-11-01,Onion,1225.0,5827
2018-11-01,Potato,1200.0,5988
2018-11-01,Tomato,1100.0,5939
2018-12-01,Onion,900.0,6934
2018-12-01,Potato,750.0,6769
2018-12-01,Tomato,880.0,6727
2019-01-01,Onion,800.0,7003
2019-01-01,Potato,575.0,7095
2019-01-01,Tomato,850.0,6858
2019-02-01,Onion,750.0,6474
2019-02-01,Potato,560.0,6386
2019-02-01,Tomato,800.0,6257
2019-03-01,Onion,750.0,6785
2019-03-01,Potato,600.0,6726
2019-03-01,Tomato,1050.0,6557
2019-04-01,Onion,780.0,6696
2019-04-01,Potato,650.0,6415
2019-04-01,Tomato,1100.0,6427
2019-05-01,Onion,850.0,6977
2019-05-01,Potato,740.0,6510
2019-05-01,Tomato,1460.0,6405
2019-06-01,Onion,940.0,6822
2019-06-01,Potato,825.0,6144
2019-06-01,Tomato,1800.0,6062
2019-07-01,Onion,1150.0,7029
2019-07-01,Potato,860.0,6407
2019-07-01,Tomato,1880.0,6322
2019-08-01,Onion,1400.0,6421
2019-08-01,Potato,850.0,6035
2019-08-01,Tomato,2150.0,5993
2019-09-01,Onion,2305.0,5825
2019-09-01,Potato,820.0,6122
2019-09-01,Tomato,1550.0,6190
2019-10-01,Onion,3050.0,5635
2019-10-01,Potato,870.0,5970
2019-10-01,Tomato,2120.0,5710
2019-11-01,Onion,3750.0,5240
2019-11-01,Potato,950.0,6322
2019-11-01,Tomato,2020.0,6286
2019-12-01,Onion,5221.0,1937
2019-12-01,Potato,1200.0,6415
2019-12-01,Tomato,1200.0,6752
2020-01-01,Onion,3810.0,6396
2020-01-01,Potato,1230.0,6396
2020-01-01,Tomato,1200.0,6559
2020-02-01,Onion,2430.0,6058
2020-02-01,Potato,1030.0,5659
2020-02-01,Tomato,970.0,6144
2020-03-01,Onion,2000.0,5270
2020-03-01,Potato,1170.0,5112
2020-03-01,Tomato,940.0,5128
2020-04-01,Onion,1460.0,5187
2020-04-01,Potato,1500.0,5366
2020-04-01,Tomato,1250.0,5333
2020-05-01,Onion,960.0,6003
2020-05-01,Potato,1510.0,5700
2020-05-01,Tomato,900.0,5752
2020-06-01,Onion,900.0,6466
2020-06-01,Potato,1590.0,5553
2020-06-01,Tomato,1020.0,5788
2020-07-01,Onion,1100.0,6073
2020-07-01,Potato,1900.0,5358
2020-07-01,Tomato,3000.0,5568
2020-08-01,Onion,1150.0,5708
2020-08-01,Potato,2120.0,5094
2020-08-01,Tomato,2850.0,5376
2020-09-01,Onion,1800.0,5983
2020-09-01,Potato,2400.0,5196
2020-09-01,Tomato,3050.0,5685
2020-10-01,Onion,3032.0,5461
2020-10-01,Potato,2600.0,5577
2020-10-01,Tomato,2750.0,5638
2020-11-01,Onion,3580.0,5658
2020-11-01,Potato,3000.0,5438
2020-11-01,Tomato,2430.0,5678
2020-12-01,Onion,2580.0,6825
2020-12-01,Potato,1800.0,6523
2020-12-01,Tomato,1700.0,6899
2021-01-01,Onion,2400.0,6394
2021-01-01,Potato,900.0,6436
2021-01-01,Tomato,1000.0,6508
2021-02-01,Onion,2800.0,6234
2021-02-01,Potato,700.0,6062
2021-02-01,Tomato,845.0,6122
2021-03-01,Onion,1950.0,6582
2021-03-01,Potato,700.0,6433
2021-03-01,Tomato,720.0,6494
2021-04-01,Onion,1300.0,5718
2021-04-01,Potato,820.0,5518
2021-04-01,Tomato,820.0,5636
2021-05-01,Onion,1400.0,5701
2021-05-01,Potato,985.0,5465
2021-05-01,Tomato,780.0,5487
2021-06-01,Onion,1550.0,6633
2021-06-01,Potato,1040.0,5988
2021-06-01,Tomato,860.0,6153
2021-07-01,Onion,1850.0,6751
2021-07-01,Potato,1050.0,6163
2021-07-01,Tomato,1540.0,6354
2021-08-01,Onion,1900.0,6536
2021-08-01,Potato,1030.0,6005
2021-08-01,Tomato,1800.0,6222
2021-09-01,Onion,1800.0,6808
2021-09-01,Potato,1000.0,6172
2021-09-01,Tomato,1350.0,6438
2021-10-01,Onion,2325.0,6521
2021-10-01,Potato,1070.0,6115
2021-10-01,Tomato,2500.0,6344
2021-11-01,Onion,2310.0,6096
2021-11-01,Potato,1300.0,5743
2021-11-01,Tomato,3300.0,6050
2021-12-01,Onion,1800.0,7101
2021-12-01,Potato,970.0,6504
2021-12-01,Tomato,2200.0,6579
2022-01-01,Onion,1800.0,7051
2022-01-01,Potato,820.0,6558
2022-01-01,Tomato,1270.0,6662
2022-02-01,Onion,1975.0,6613
2022-02-01,Potato,800.0,6103
2022-02-01,Tomato,1050.0,6160
2022-03-01,Onion,1790.0,6907
2022-03-01,Potato,895.0,6433
2022-03-01,Tomato,1050.0,6476
2022-04-01,Onion,1223.0,6862
2022-04-01,Potato,900.0,6464
2022-04-01,Tomato,1200.0,6503
2022-05-01,Onion,1100.0,7176
2022-05-01,Potato,1050.0,6591
2022-05-01,Tomato,1525.0,6205
2022-06-01,Onion,1170.0,7161
2022-06-01,Potato,1280.0,6440
2022-06-01,Tomato,2980.0,5997
2022-07-01,Onion,1285.0,7040
2022-07-01,Potato,1425.0,6298
2022-07-01,Tomato,2100.0,6451
2022-08-01,Onion,1325.0,6997
2022-08-01,Potato,1550.0,6479
2022-08-01,Tomato,1770.0,6666
2022-09-01,Onion,1300.0,6974
2022-09-01,Potato,1550.0,6537
2022-09-01,Tomato,2100.0,6493
2022-10-01,Onion,1400.0,6522
2022-10-01,Potato,1590.0,6235
2022-10-01,Tomato,2460.0,6325
2022-11-01,Onion,1550.0,6819
2022-11-01,Potato,1560.0,6317
2022-11-01,Tomato,1650.0,6403
2022-12-01,Onion,1270.0,7040
2022-12-01,Potato,1250.0,6615
2022-12-01,Tomato,1100.0,6743
2023-01-01,Onion,1300.0,6670
2023-01-01,Potato,890.0,6351
2023-01-01,Tomato,850.0,6460
2023-02-01,Onion,1240.0,6593
2023-02-01,Potato,700.0,6111
2023-02-01,Tomato,780.0,6186
2023-03-01,Onion,1130.0,7113
2023-03-01,Potato,650.0,6498
2023-03-01,Tomato,845.0,6607
2023-04-01,Onion,1120.0,7005
2023-04-01,Potato,760.0,6407
2023-04-01,Tomato,970.0,6642
2023-05-01,Onion,1050.0,7358
2023-05-01,Potato,930.0,6646
2023-05-01,Tomato,850.0,6827
2023-06-01,Onion,1080.0,7321
2023-06-01,Potato,1000.0,6576
2023-06-01,Tomato,1269.0,6614
2023-07-01,Onion,1320.0,7659
2023-07-01,Potato,1170.0,6728
2023-07-01,Tomato,7000.0,5919
2023-08-01,Onion,1580.0,7238
2023-08-01,Potato,1200.0,6531
2023-08-01,Tomato,4100.0,4506
2023-09-01,Onion,1900.0,6645
2023-09-01,Potato,1130.0,6318
2023-09-01,Tomato,1480.0,6306
2023-10-01,Onion,2100.0,7092
2023-10-01,Potato,1060.0,6548
2023-10-01,Tomato,1180.0,6552
2023-11-01,Onion,3525.0,6172
2023-11-01,Potato,1020.0,5909
2023-11-01,Tomato,2100.0,5895
2023-12-01,Onion,2500.0,6722
2023-12-01,Potato,880.0,6323
2023-12-01,Tomato,1400.0,6190
2024-01-01,Onion,1800.0,6226
2024-01-01,Potato,715.0,5720
2024-01-01,Tomato,1250.0,5565
2024-02-01,Onion,1500.0,6206
2024-02-01,Potato,760.0,5709
2024-02-01,Tomato,1635.0,5525
2024-03-01,Onion,1739.0,6251
2024-03-01,Potato,1210.0,5792
2024-03-01,Tomato,1820.0,5604
2024-04-01,Onion,1650.0,5852
2024-04-01,Potato,1580.0,5494
2024-04-01,Tomato,1745.0,5338
2024-05-01,Onion,1580.0,7085
2024-05-01,Potato,1730.0,6103
2024-05-01,Tomato,1400.0,6195
2024-06-01,Onion,2000.0,6817
2024-06-01,Potato,1830.0,5812
2024-06-01,Tomato,1500.0,5857
2024-07-01,Onion,2760.0,7236
2024-07-01,Potato,2300.0,6216
2024-07-01,Tomato,4300.0,6051
2024-08-01,Onion,2950.0,6885
2024-08-01,Potato,2300.0,6029
2024-08-01,Tomato,2928.0,5902
2024-09-01,Onion,3700.0,6710
2024-09-01,Potato,2200.0,5849
2024-09-01,Tomato,2550.0,5830
2024-10-01,Onion,3995.0,6852
2024-10-01,Potato,2160.0,5891
2024-10-01,Tomato,4250.0,6052
2024-11-01,Onion,3950.0,6330
2024-11-01,Potato,2135.0,5462
2024-11-01,Tomato,3080.0,5693
2024-12-01,Onion,3100.0,6970
2024-12-01,Potato,1900.0,6180
2024-12-01,Tomato,2300.0,6344
2025-01-01,Onion,2200.0,7193
2025-01-01,Potato,1340.0,6429
2025-01-01,Tomato,1025.0,6567
2025-02-01,Onion,2120.0,6447
2025-02-01,Potato,1000.0,5821
2025-02-01,Tomato,800.0,5908
2025-03-01,Onion,2100.0,6804
2025-03-01,Potato,1080.0,6189
2025-03-01,Tomato,675.0,6231
2025-04-01,Onion,1370.0,7125
2025-04-01,Potato,1150.0,6234
2025-04-01,Tomato,730.0,6354
2025-05-01,Onion,1175.0,7587
2025-05-01,Potato,1175.0,6509
2025-05-01,Tomato,855.0,6749
2025-06-01,Onion,1185.0,7444
2025-06-01,Potato,1220.0,6264
2025-06-01,Tomato,1650.0,6441
2025-07-01,Onion,1345.0,7814
2025-07-01,Potato,1215.0,6657
2025-07-01,Tomato,2689.0,6612
2025-08-01,Onion,1353.0,7287
2025-08-01,Potato,1100.0,6333
2025-08-01,Tomato,3700.0,6321
2025-09-01,Onion,1350.0,6685
2025-09-01,Potato,1085.0,5390
2025-09-01,Tomato,2200.0,6711
2025-10-01,Onion,1300.0,4808
2025-10-01,Potato,1110.0,4042
2025-10-01,Tomato,1958.0,4668
