month,commodity,n_pair_days,median_pct_gap,p90_pct_gap
2018-01-01,Onion,20546,12.0,55.0
2018-01-01,Potato,29637,15.0,53.9
2018-01-01,Tomato,19320,21.1,75.3
2018-02-01,Onion,18560,14.3,52.1
2018-02-01,Potato,26763,15.4,52.0
2018-02-01,Tomato,17257,23.6,76.5
2018-03-01,Onion,19464,16.7,60.0
2018-03-01,Potato,28166,20.0,71.3
2018-03-01,Tomato,18311,23.1,82.2
2018-04-01,Onion,20977,15.8,53.9
2018-04-01,Potato,27111,21.3,93.8
2018-04-01,Tomato,18144,22.8,76.9
2018-05-01,Onion,25057,14.3,45.3
2018-05-01,Potato,29484,20.9,90.9
2018-05-01,Tomato,20305,22.7,77.8
2018-06-01,Onion,21147,16.1,57.1
2018-06-01,Potato,23328,19.0,86.7
2018-06-01,Tomato,15865,28.3,116.2
2018-07-01,Onion,21251,14.6,65.1
2018-07-01,Potato,23805,16.2,72.4
2018-07-01,Tomato,16407,26.3,109.6
2018-08-01,Onion,22584,14.3,65.9
2018-08-01,Potato,26567,20.0,72.5
2018-08-01,Tomato,18012,24.1,92.3
2018-09-01,Onion,23734,15.4,61.2
2018-09-01,Potato,28702,18.4,63.4
2018-09-01,Tomato,20824,22.6,81.8
2018-10-01,Onion,24159,17.2,66.7
2018-10-01,Potato,29836,18.6,64.4
2018-10-01,Tomato,21962,20.0,73.7
2018-11-01,Onion,20876,19.0,76.3
2018-11-01,Potato,26721,21.2,69.2
2018-11-01,Tomato,20673,21.8,85.7
2018-12-01,Onion,25940,20.6,71.9
2018-12-01,Potato,31043,20.0,67.3
2018-12-01,Tomato,24678,25.0,81.3
2019-01-01,Onion,27494,20.0,64.5
2019-01-01,Potato,34940,18.2,60.4
2019-01-01,Tomato,26538,25.0,80.0
2019-02-01,Onion,25464,17.9,62.5
2019-02-01,Potato,30529,16.3,54.3
2019-02-01,Tomato,24264,28.7,84.9
2019-03-01,Onion,25902,15.6,58.7
2019-03-01,Potato,30712,15.1,54.3
2019-03-01,Tomato,24048,30.4,113.3
2019-04-01,Onion,25449,16.3,60.0
2019-04-01,Potato,28017,15.5,56.9
2019-04-01,Tomato,23014,28.3,111.1
2019-05-01,Onion,27784,17.2,66.7
2019-05-01,Potato,29022,18.2,64.0
2019-05-01,Tomato,23163,32.0,128.1
2019-06-01,Onion,25590,16.1,72.8
2019-06-01,Potato,25383,19.8,75.0
2019-06-01,Tomato,20253,25.6,134.5
2019-07-01,Onion,27143,17.5,80.0
2019-07-01,Potato,26964,20.6,80.0
2019-07-01,Tomato,21353,25.2,133.3
2019-08-01,Onion,23597,18.2,92.3
2019-08-01,Potato,24364,19.9,75.9
2019-08-01,Tomato,18781,22.3,120.0
2019-09-01,Onion,21346,20.4,109.6
2019-09-01,Potato,26665,18.2,72.7
2019-09-01,Tomato,21052,20.7,92.3
2019-10-01,Onion,18359,10.5,48.3
2019-10-01,Potato,24520,15.0,63.3
2019-10-01,Tomato,18065,18.8,91.4
2019-11-01,Onion,16846,13.5,69.1
2019-11-01,Potato,27357,17.0,81.8
2019-11-01,Tomato,22038,18.0,90.5
2019-12-01,Onion,3320,20.0,84.7
2019-12-01,Potato,27722,20.0,96.0
2019-12-01,Tomato,24795,20.0,76.5
2020-01-01,Onion,24168,10.0,39.8
2020-01-01,Potato,29574,13.0,70.7
2020-01-01,Tomato,26521,18.9,69.2
2020-02-01,Onion,22898,10.2,38.5
2020-02-01,Potato,25939,12.2,50.0
2020-02-01,Tomato,23652,16.5,69.1
2020-03-01,Onion,19007,9.5,45.6
2020-03-01,Potato,20689,14.6,60.5
2020-03-01,Tomato,18404,17.8,73.9
2020-04-01,Onion,23363,10.4,46.5
2020-04-01,Potato,26489,7.8,44.4
2020-04-01,Tomato,23519,15.0,73.3
2020-05-01,Onion,25825,10.7,44.4
2020-05-01,Potato,25524,5.6,34.0
2020-05-01,Tomato,23916,16.7,75.0
2020-06-01,Onion,27380,10.5,40.6
2020-06-01,Potato,23054,5.8,33.3
2020-06-01,Tomato,21742,16.7,69.1
2020-07-01,Onion,23657,6.7,32.4
2020-07-01,Potato,20785,6.7,39.1
2020-07-01,Tomato,18478,8.9,66.7
2020-08-01,Onion,22008,5.9,33.3
2020-08-01,Potato,19281,5.5,47.1
2020-08-01,Tomato,17713,9.2,53.7
2020-09-01,Onion,25433,10.7,45.3
2020-09-01,Potato,22205,5.6,35.3
2020-09-01,Tomato,20676,8.6,52.1
2020-10-01,Onion,21685,8.7,56.6
2020-10-01,Potato,23579,5.7,35.0
2020-10-01,Tomato,20970,8.7,51.1
2020-11-01,Onion,21299,7.3,50.0
2020-11-01,Potato,21758,6.1,37.0
2020-11-01,Tomato,19519,8.9,47.6
2020-12-01,Onion,28415,10.0,53.9
2020-12-01,Potato,29771,12.8,50.0
2020-12-01,Tomato,27194,15.7,68.6
2021-01-01,Onion,25088,11.8,67.1
2021-01-01,Potato,27998,11.1,45.5
2021-01-01,Tomato,24871,18.2,77.8
2021-02-01,Onion,24211,11.5,65.9
2021-02-01,Potato,25482,10.2,44.2
2021-02-01,Tomato,22529,13.9,64.0
2021-03-01,Onion,25216,12.5,61.6
2021-03-01,Potato,26279,10.0,42.2
2021-03-01,Tomato,23592,15.7,70.7
2021-04-01,Onion,21044,9.4,40.6
2021-04-01,Potato,21465,8.8,42.9
2021-04-01,Tomato,19461,15.6,64.0
2021-05-01,Onion,21802,7.6,36.0
2021-05-01,Potato,22005,8.0,53.9
2021-05-01,Tomato,19963,16.7,74.0
2021-06-01,Onion,26485,8.9,47.1
2021-06-01,Potato,24272,7.1,49.3
2021-06-01,Tomato,22545,15.0,64.6
2021-07-01,Onion,26471,7.4,52.9
2021-07-01,Potato,23776,8.0,46.7
2021-07-01,Tomato,22396,14.4,95.8
2021-08-01,Onion,25883,6.9,51.3
2021-08-01,Potato,24408,8.0,50.2
2021-08-01,Tomato,21806,12.1,85.8
2021-09-01,Onion,28002,9.0,53.3
2021-09-01,Potato,26258,8.9,50.7
2021-09-01,Tomato,24294,15.4,67.5
2021-10-01,Onion,24628,10.9,51.5
2021-10-01,Potato,23863,9.4,55.6
2021-10-01,Tomato,21990,14.7,94.0
2021-11-01,Onion,22338,10.0,44.8
2021-11-01,Potato,21742,10.0,57.3
2021-11-01,Tomato,20208,10.8,57.4
2021-12-01,Onion,27518,11.9,55.9
2021-12-01,Potato,26607,14.0,64.4
2021-12-01,Tomato,22738,14.9,61.7
2022-01-01,Onion,26701,11.4,50.7
2022-01-01,Potato,26579,11.8,60.0
2022-01-01,Tomato,23306,20.0,90.0
2022-02-01,Onion,25084,10.0,50.0
2022-02-01,Potato,24261,12.3,51.7
2022-02-01,Tomato,21118,15.8,83.3
2022-03-01,Onion,26115,12.5,54.5
2022-03-01,Potato,25439,11.6,54.4
2022-03-01,Tomato,21753,17.1,83.3
2022-04-01,Onion,26518,15.9,65.2
2022-04-01,Potato,26884,10.3,54.7
2022-04-01,Tomato,23039,17.0,67.5
2022-05-01,Onion,28154,14.7,61.2
2022-05-01,Potato,27772,12.9,54.5
2022-05-01,Tomato,21317,17.7,75.5
2022-06-01,Onion,29235,11.4,53.5
2022-06-01,Potato,28029,10.6,63.3
2022-06-01,Tomato,20751,13.1,83.0
2022-07-01,Onion,28937,9.2,51.1
2022-07-01,Potato,26197,11.1,65.3
2022-07-01,Tomato,23109,16.8,75.0
2022-08-01,Onion,28652,8.0,48.4
2022-08-01,Potato,27469,11.0,62.7
2022-08-01,Tomato,24701,15.2,74.4
2022-09-01,Onion,29131,9.2,50.0
2022-09-01,Potato,29668,13.3,68.9
2022-09-01,Tomato,25089,16.0,87.5
2022-10-01,Onion,24778,10.8,52.6
2022-10-01,Potato,25361,11.7,71.5
2022-10-01,Tomato,21793,14.8,99.3
2022-11-01,Onion,25613,11.7,51.7
2022-11-01,Potato,25333,12.5,68.0
2022-11-01,Tomato,22293,16.8,87.5
2022-12-01,Onion,26124,12.6,54.8
2022-12-01,Potato,26301,13.3,61.9
2022-12-01,Tomato,23544,15.4,76.4
2023-01-01,Onion,24761,10.8,47.6
2023-01-01,Potato,25738,11.1,45.5
2023-01-01,Tomato,22919,15.8,71.3
2023-02-01,Onion,24627,10.7,54.7
2023-02-01,Potato,23883,12.3,55.2
2023-02-01,Tomato,21526,16.7,75.0
2023-03-01,Onion,26671,9.1,46.7
2023-03-01,Potato,25440,7.7,48.4
2023-03-01,Tomato,23119,13.3,63.9
2023-04-01,Onion,26636,8.9,54.3
2023-04-01,Potato,26312,6.9,36.4
2023-04-01,Tomato,24730,15.2,75.0
2023-05-01,Onion,27887,8.3,50.0
2023-05-01,Potato,26604,7.7,44.4
2023-05-01,Tomato,24227,13.8,75.0
2023-06-01,Onion,28478,9.1,44.9
2023-06-01,Potato,26949,9.3,44.4
2023-06-01,Tomato,23121,17.1,81.7
2023-07-01,Onion,29616,8.6,47.8
2023-07-01,Potato,26678,9.1,53.3
2023-07-01,Tomato,17057,5.6,85.3
2023-08-01,Onion,26823,9.1,56.3
2023-08-01,Potato,25381,8.3,50.6
2023-08-01,Tomato,11371,10.2,61.0
2023-09-01,Onion,24762,7.5,51.7
2023-09-01,Potato,26207,8.7,40.3
2023-09-01,Tomato,21820,10.2,61.3
2023-10-01,Onion,26375,7.8,59.4
2023-10-01,Potato,25903,9.4,43.1
2023-10-01,Tomato,22375,9.0,59.1
2023-11-01,Onion,22023,7.1,66.7
2023-11-01,Potato,23290,9.4,43.8
2023-11-01,Tomato,19947,10.1,77.5
2023-12-01,Onion,24855,9.5,54.6
2023-12-01,Potato,26192,9.4,41.3
2023-12-01,Tomato,21882,12.5,68.4
2024-01-01,Onion,23039,8.3,42.9
2024-01-01,Potato,24117,8.1,36.4
2024-01-01,Tomato,20642,11.4,51.4
2024-02-01,Onion,23607,9.3,49.2
2024-02-01,Potato,24863,10.0,40.9
2024-02-01,Tomato,21006,10.3,59.5
2024-03-01,Onion,23080,7.5,43.6
2024-03-01,Potato,24753,9.7,60.0
2024-03-01,Tomato,20574,9.1,60.0
2024-04-01,Onion,21696,6.3,44.2
2024-04-01,Potato,24176,7.4,68.4
2024-04-01,Tomato,20120,9.0,52.6
2024-05-01,Onion,28831,6.7,47.1
2024-05-01,Potato,27426,6.3,63.6
2024-05-01,Tomato,24380,10.5,58.3
2024-06-01,Onion,27438,9.0,51.1
2024-06-01,Potato,25615,6.8,58.4
2024-06-01,Tomato,22213,12.4,68.5
2024-07-01,Onion,29869,6.7,56.0
2024-07-01,Potato,27636,8.1,74.1
2024-07-01,Tomato,22217,8.5,100.0
2024-08-01,Onion,28111,5.4,56.6
2024-08-01,Potato,26321,5.9,45.5
2024-08-01,Tomato,21912,8.1,56.0
2024-09-01,Onion,26750,6.1,66.7
2024-09-01,Potato,25159,6.6,38.7
2024-09-01,Tomato,21293,9.0,52.2
2024-10-01,Onion,26222,5.9,59.4
2024-10-01,Potato,23487,4.9,33.9
2024-10-01,Tomato,20229,7.4,90.1
2024-11-01,Onion,23133,7.2,60.0
2024-11-01,Potato,21150,4.7,35.5
2024-11-01,Tomato,18558,7.9,58.4
2024-12-01,Onion,25420,8.3,55.4
2024-12-01,Potato,24463,6.9,39.0
2024-12-01,Tomato,21540,11.1,62.2
2025-01-01,Onion,27562,6.9,48.8
2025-01-01,Potato,26280,7.1,42.4
2025-01-01,Tomato,23710,14.3,78.0
2025-02-01,Onion,25145,7.2,51.0
2025-02-01,Potato,24874,8.9,34.7
2025-02-01,Tomato,22368,13.4,75.0
2025-03-01,Onion,26048,8.2,48.2
2025-03-01,Potato,25548,10.3,42.7
2025-03-01,Tomato,22427,13.3,72.0
2025-04-01,Onion,27760,9.6,48.2
2025-04-01,Potato,25855,10.7,45.0
2025-04-01,Tomato,22870,14.3,62.5
2025-05-01,Onion,30305,9.1,52.2
2025-05-01,Potato,27423,10.2,43.7
2025-05-01,Tomato,24243,13.5,60.7
2025-06-01,Onion,31011,9.2,55.6
2025-06-01,Potato,26871,10.0,44.1
2025-06-01,Tomato,23063,11.1,88.2
2025-07-01,Onion,32723,9.2,50.0
2025-07-01,Potato,28935,10.1,45.2
2025-07-01,Tomato,22939,8.0,92.4
2025-08-01,Onion,28636,8.1,48.0
2025-08-01,Potato,26221,10.5,45.7
2025-08-01,Tomato,20967,8.3,91.5
2025-09-01,Onion,24355,8.6,50.8
2025-09-01,Potato,18195,11.8,47.7
2025-09-01,Tomato,22296,9.1,58.3
2025-10-01,Onion,15330,8.7,47.8
2025-10-01,Potato,12291,12.2,47.4
2025-10-01,Tomato,13509,9.8,50.0
