year,commodity,category,n_market_years,median_cv
2018,Onion,storable,309,0.428
2018,Potato,storable,280,0.31
2018,Tomato,perishable,274,0.443
2019,Onion,storable,328,0.698
2019,Potato,storable,288,0.25
2019,Tomato,perishable,297,0.388
2020,Onion,storable,317,0.552
2020,Potato,storable,277,0.336
2020,Tomato,perishable,295,0.491
2021,Onion,storable,325,0.282
2021,Potato,storable,283,0.214
2021,Tomato,perishable,300,0.581
2022,Onion,storable,340,0.254
2022,Potato,storable,289,0.254
2022,Tomato,perishable,302,0.404
2023,Onion,storable,340,0.466
2023,Potato,storable,294,0.194
2023,Tomato,perishable,301,0.95
2024,Onion,storable,337,0.379
2024,Potato,storable,268,0.313
2024,Tomato,perishable,273,0.463
2025,Onion,storable,344,0.298
2025,Potato,storable,274,0.127
2025,Tomato,perishable,280,0.603
