scenario,commodity,n_market_days,pct_market_days_with_opportunity,avg_neighbors_reporting,median_best_gain_when_opportunity
high,All,1660010,24.4,8.2,377.0
high,Onion,580351,23.6,8.0,385.0
high,Potato,537622,16.3,9.0,270.0
high,Tomato,542037,33.2,7.5,442.0
low,All,1660010,42.2,8.2,371.0
low,Onion,580351,42.2,8.0,370.0
low,Potato,537622,32.9,9.0,284.0
low,Tomato,542037,51.4,7.5,456.0
mid,All,1660010,33.8,8.2,370.0
mid,Onion,580351,33.4,8.0,372.0
mid,Potato,537622,24.9,9.0,278.0
mid,Tomato,542037,43.2,7.5,451.0
