file_name,format,size_bytes,size_mb
2001.csv,csv,974866,0.9
2002.csv,csv,26891401,25.6
2003.csv,csv,73661249,70.2
2004.csv,csv,70319137,67.1
2005.csv,csv,94456456,90.1
2006.csv,csv,178300818,170.0
2007.csv,csv,213513027,203.6
2008.csv,csv,230673993,220.0
2009.csv,csv,221017423,210.8
2010.csv,csv,240099110,229.0
2011.csv,csv,257479668,245.6
2012.csv,csv,280245099,267.3
2013.csv,csv,291181609,277.7
2014.csv,csv,291686014,278.2
2015.csv,csv,328883026,313.6
2016.csv,csv,327044067,311.9
2017.csv,csv,370118243,353.0
2018.csv,csv,388655161,370.7
2019.csv,csv,393263366,375.0
2020.csv,csv,323209377,308.2
2021.csv,csv,348738783,332.6
2022.csv,csv,409171893,390.2
2023.csv,csv,403215327,384.5
2024.csv,csv,532414234,507.7
2025.csv,csv,573676886,547.1
2026.csv,csv,62701768,59.8
2001.parquet,parquet,111232,0.1
2002.parquet,parquet,2174489,2.1
2003.parquet,parquet,6134241,5.9
2004.parquet,parquet,6256886,6.0
2005.parquet,parquet,9438906,9.0
2006.parquet,parquet,16668090,15.9
2007.parquet,parquet,19292664,18.4
2008.parquet,parquet,20949240,20.0
2009.parquet,parquet,21096221,20.1
2010.parquet,parquet,22869128,21.8
2011.parquet,parquet,24678960,23.5
2012.parquet,parquet,27216436,26.0
2013.parquet,parquet,27890039,26.6
2014.parquet,parquet,28117758,26.8
2015.parquet,parquet,32449613,30.9
2016.parquet,parquet,32009859,30.5
2017.parquet,parquet,36124670,34.5
2018.parquet,parquet,37942243,36.2
2019.parquet,parquet,38248817,36.5
2020.parquet,parquet,31005367,29.6
2021.parquet,parquet,33252468,31.7
2022.parquet,parquet,39466646,37.6
2023.parquet,parquet,38856693,37.1
2024.parquet,parquet,46578485,44.4
2025.parquet,parquet,65758648,62.7
2026.parquet,parquet,7274838,6.9
