state,n_rows,first_date,last_date
Andaman and Nicobar,13177,2003-02-07,2026-04-20
Andhra Pradesh,1858513,2001-03-07,2026-04-20
Arunachal Pradesh,3337,2003-06-16,2026-04-20
Assam,517310,2001-03-20,2026-04-20
Bihar,289363,2002-02-02,2026-04-01
Chandigarh,38831,2001-03-30,2026-04-19
Chattisgarh,1017752,2003-01-21,2026-04-20
Goa,141199,2001-06-19,2026-04-19
Gujarat,5209901,2001-07-07,2026-04-20
Haryana,4012302,2001-08-31,2026-04-20
Himachal Pradesh,1968456,2002-01-02,2026-04-20
Jammu and Kashmir,562385,2002-11-09,2026-04-20
Jharkhand,979517,2002-04-17,2023-01-24
Karnataka,3789307,2001-01-10,2026-04-20
Kerala,6444351,2001-09-17,2026-04-21
Madhya Pradesh,6560380,2001-03-27,2026-04-20
Maharashtra,6125969,2001-01-27,2026-04-20
Manipur,148649,2002-02-01,2026-04-17
Meghalaya,130414,2002-06-12,2026-04-20
Mizoram,15132,2006-11-06,2019-11-28
NCT of Delhi,751822,2001-06-14,2026-04-20
Nagaland,83944,2001-03-12,2026-04-20
Odisha,2491055,2002-03-07,2026-04-20
Pondicherry,76158,2001-03-14,2026-04-10
Punjab,6100648,2001-08-28,2026-04-20
Rajasthan,3945014,2001-03-29,2026-04-20
Sikkim,272,2004-05-06,2010-01-29
Tamil Nadu,4548809,2001-03-13,2026-04-20
Telangana,1638755,2001-12-20,2026-04-20
Tripura,686300,2001-05-09,2026-04-20
Uttar Pradesh,12303198,2002-06-12,2026-04-20
Uttarakhand,7788,2025-11-29,2026-04-20
Uttrakhand,815421,2002-11-11,2025-11-05
West Bengal,2708588,2001-03-16,2026-04-20
