month,n_series_reporting,median_report_days,median_rows
2023-01,404,17.0,17.0
2023-02,396,20.0,20.0
2023-03,406,21.0,21.0
2023-04,394,19.0,19.0
2023-05,401,21.0,21.0
2023-06,405,21.0,21.0
2023-07,424,20.0,20.0
2023-08,423,18.0,18.0
2023-09,410,15.0,15.0
2023-10,415,17.0,18.0
2023-11,401,15.0,15.0
2023-12,417,15.0,15.0
2024-01,293,14.0,14.0
2024-02,297,16.0,17.0
2024-03,298,16.0,17.0
2024-04,296,12.0,12.0
2024-05,311,17.0,17.0
2024-06,558,13.0,13.0
2024-07,1013,16.0,16.0
2024-08,777,31.0,31.0
2024-09,820,30.0,30.0
2024-10,832,30.0,30.0
2024-11,822,28.0,28.0
2024-12,830,30.0,30.0
2025-01,834,30.0,30.0
2025-02,818,28.0,28.0
2025-03,805,30.0,30.0
2025-04,827,30.0,30.0
2025-05,835,30.0,30.0
2025-06,842,28.0,28.0
2025-07,831,24.0,24.0
2025-08,779,22.0,22.0
2025-09,804,20.0,20.0
2025-10,788,14.0,14.0
2025-11,518,1.0,1.0
2025-12,632,8.0,9.0
2026-01,689,9.0,9.0
2026-02,871,6.0,6.0
2026-03,878,7.0,7.0
2026-04,1315,4.0,4.0
