state,commodity,y2018,y2019,y2020,y2021,y2022,y2023,y2024,y2025
Uttar Pradesh,Onion,157,162,157,164,167,160,157,148
West Bengal,Onion,38,36,31,46,51,51,52,50
Kerala,Onion,36,35,27,38,45,45,50,47
Haryana,Onion,39,28,23,12,39,51,48,50
Punjab,Onion,70,58,45,51,43,42,51,42
Maharashtra,Onion,29,30,27,39,35,40,41,35
Madhya Pradesh,Onion,19,27,12,26,39,37,14,22
Rajasthan,Onion,11,13,18,24,27,23,20,17
Odisha,Onion,39,36,27,21,18,22,20,14
Gujarat,Onion,12,15,10,10,15,16,20,19
Bihar,Onion,0,0,0,0,31,3,13,4
Himachal Pradesh,Onion,13,16,11,14,14,17,15,18
Karnataka,Onion,7,7,9,10,12,8,9,2
Uttrakhand,Onion,9,6,7,5,8,9,10,6
Telangana,Onion,3,2,2,3,8,8,5,4
Tripura,Onion,0,1,6,6,4,7,8,7
Jammu and Kashmir,Onion,2,0,5,9,3,5,5,3
Chattisgarh,Onion,4,4,3,3,4,4,4,3
Tamil Nadu,Onion,0,0,0,0,0,0,10,163
NCT of Delhi,Onion,3,2,2,1,3,2,3,3
Andhra Pradesh,Onion,2,1,0,2,2,0,1,0
Chandigarh,Onion,1,1,0,0,1,1,1,1
Goa,Onion,1,1,0,1,1,1,1,1
Nagaland,Onion,0,0,0,0,0,1,0,0
Assam,Onion,4,2,0,0,0,0,0,0
Jharkhand,Onion,10,1,0,0,0,0,0,0
Manipur,Onion,4,4,0,0,0,0,0,0
Meghalaya,Onion,0,1,0,0,0,0,0,0
Uttar Pradesh,Potato,185,183,170,178,180,175,169,158
West Bengal,Potato,64,65,51,64,66,66,69,64
Haryana,Potato,44,34,24,13,44,53,56,59
Punjab,Potato,76,66,50,61,49,49,55,47
Kerala,Potato,36,36,27,37,41,43,48,49
Odisha,Potato,43,49,36,27,25,28,22,16
Madhya Pradesh,Potato,21,27,9,29,34,31,4,10
Rajasthan,Potato,13,17,20,25,27,22,20,19
Maharashtra,Potato,15,13,10,19,19,22,23,21
Tripura,Potato,0,7,23,19,14,21,21,19
Gujarat,Potato,11,14,9,10,13,13,21,22
Himachal Pradesh,Potato,13,18,11,13,15,16,16,17
Bihar,Potato,0,0,0,0,29,2,13,4
Uttrakhand,Potato,13,16,9,6,12,12,14,9
Karnataka,Potato,6,6,8,11,13,11,9,2
Telangana,Potato,3,2,2,3,7,10,8,5
Jammu and Kashmir,Potato,3,0,4,8,4,4,5,3
Chattisgarh,Potato,4,4,4,4,4,4,4,3
NCT of Delhi,Potato,3,3,2,3,3,2,3,3
Tamil Nadu,Potato,0,0,0,0,0,0,8,143
Nagaland,Potato,0,1,0,0,1,3,1,1
Chandigarh,Potato,1,1,0,0,1,1,1,1
Goa,Potato,1,1,0,1,1,1,1,1
Andhra Pradesh,Potato,0,1,0,0,0,0,1,1
Meghalaya,Potato,0,1,0,0,0,1,0,0
Assam,Potato,4,2,0,0,0,0,0,0
Jharkhand,Potato,9,1,0,0,0,0,0,0
Manipur,Potato,4,4,0,0,0,0,0,0
Uttar Pradesh,Tomato,143,159,157,166,158,154,156,145
Kerala,Tomato,36,38,30,41,48,48,58,52
Haryana,Tomato,46,36,19,11,42,49,53,58
Punjab,Tomato,63,54,43,51,43,37,51,45
West Bengal,Tomato,29,31,24,29,36,33,38,32
Maharashtra,Tomato,32,32,28,34,34,33,31,32
Odisha,Tomato,42,45,36,32,25,28,32,19
Rajasthan,Tomato,12,20,17,22,28,23,20,21
Karnataka,Tomato,16,15,20,23,24,24,19,6
Madhya Pradesh,Tomato,20,30,12,27,36,31,0,16
Gujarat,Tomato,18,21,15,15,18,17,25,25
Himachal Pradesh,Tomato,12,19,10,12,16,15,16,17
Telangana,Tomato,7,6,5,6,14,15,11,11
Uttrakhand,Tomato,13,14,10,7,12,12,14,11
Tripura,Tomato,0,1,9,7,6,7,11,4
Andhra Pradesh,Tomato,5,6,4,4,5,3,5,6
Chattisgarh,Tomato,4,4,4,3,4,4,4,3
Jammu and Kashmir,Tomato,2,0,5,8,4,4,4,4
Bihar,Tomato,0,0,0,0,11,0,0,0
Tamil Nadu,Tomato,0,0,0,0,0,0,10,167
NCT of Delhi,Tomato,3,3,2,3,3,2,3,3
Chandigarh,Tomato,1,1,0,0,1,1,1,1
Assam,Tomato,1,0,0,0,0,0,0,3
Jharkhand,Tomato,5,1,0,0,0,0,0,0
