year,n_rows,n_min_or_max_nonpositive,n_min_gt_max,n_modal_outside_min_max,n_null_price
2001,11603,1,0,0,3
2002,299930,51829,0,50714,10
2003,835030,96775,0,88718,0
2004,802338,24864,0,17903,10
2005,1073632,5351,0,664,8
2006,1993050,24519,0,21097,24
2007,2378705,59363,368,58373,5
2008,2575390,96036,2624,95087,0
2009,2483396,109470,618,105016,0
2010,2708429,217721,1084,213067,0
2011,2899187,220229,1475,215188,0
2012,3147369,133396,905,126673,1
2013,3274568,168158,814,157194,0
2014,3271883,145575,752,137513,0
2015,3673823,140996,1321,135416,0
2016,3634455,176824,4330,170941,0
2017,4089861,119578,1705,113580,0
2018,4285826,21809,1402,14671,0
2019,4319450,16924,2303,10777,0
2020,3548553,5915,2399,5339,0
2021,3827438,5380,3028,4811,0
2022,4476890,8765,4136,8247,0
2023,4415690,7709,5126,7740,0
2024,5544500,9080,2399,22735,0
2025,5830699,5315,897,4720,0
2026,582322,7,0,12,0
