state,year,n_rows,n_min_or_max_nonpositive,pct_min_or_max_nonpositive,n_min_gt_max
Gujarat,2001,275,0,0.0,0
Gujarat,2002,1948,0,0.0,0
Gujarat,2003,4692,0,0.0,0
Gujarat,2004,6798,1,0.01,0
Gujarat,2005,7900,0,0.0,0
Gujarat,2006,8927,0,0.0,0
Gujarat,2007,13148,6,0.05,0
Gujarat,2008,14267,1,0.01,0
Gujarat,2009,16834,5,0.03,0
Gujarat,2010,17622,23,0.13,4
Gujarat,2011,16006,4,0.02,1
Gujarat,2012,14967,6,0.04,1
Gujarat,2013,14553,9,0.06,0
Gujarat,2014,16131,4,0.02,2
Gujarat,2015,17428,1,0.01,1
Gujarat,2016,16335,1,0.01,1
Gujarat,2017,14360,1,0.01,1
Gujarat,2018,16814,2,0.01,2
Gujarat,2019,16608,0,0.0,0
Gujarat,2020,12759,1,0.01,1
Gujarat,2021,12104,1,0.01,1
Gujarat,2022,13730,2,0.01,1
Gujarat,2023,15604,1,0.01,1
Gujarat,2024,20100,2,0.01,1
Gujarat,2025,19589,1,0.01,1
Gujarat,2026,1915,0,0.0,0
Karnataka,2001,23,0,0.0,0
Karnataka,2002,8353,0,0.0,0
Karnataka,2003,9925,0,0.0,0
Karnataka,2004,8044,0,0.0,0
Karnataka,2005,8331,0,0.0,0
Karnataka,2006,6792,0,0.0,0
Karnataka,2007,8153,12,0.15,0
Karnataka,2008,9262,65,0.7,12
Karnataka,2009,10101,18,0.18,1
Karnataka,2010,12015,37,0.31,1
Karnataka,2011,13425,12,0.09,1
Karnataka,2012,16431,2,0.01,1
Karnataka,2013,11259,0,0.0,0
Karnataka,2014,11239,0,0.0,0
Karnataka,2015,13888,0,0.0,0
Karnataka,2016,12420,0,0.0,0
Karnataka,2017,11899,0,0.0,0
Karnataka,2018,12385,0,0.0,0
Karnataka,2019,11946,0,0.0,0
Karnataka,2020,17411,0,0.0,0
Karnataka,2021,17015,0,0.0,0
Karnataka,2022,17344,0,0.0,0
Karnataka,2023,15972,0,0.0,0
Karnataka,2024,12877,0,0.0,0
Karnataka,2025,6980,0,0.0,0
Karnataka,2026,1101,0,0.0,0
Madhya Pradesh,2002,2085,0,0.0,0
Madhya Pradesh,2003,3924,0,0.0,0
Madhya Pradesh,2004,3295,0,0.0,0
Madhya Pradesh,2005,1854,0,0.0,0
Madhya Pradesh,2006,5043,0,0.0,0
Madhya Pradesh,2007,10071,0,0.0,0
Madhya Pradesh,2008,7810,0,0.0,0
Madhya Pradesh,2009,6447,3,0.05,2
Madhya Pradesh,2010,7323,2,0.03,1
Madhya Pradesh,2011,10872,5,0.05,5
Madhya Pradesh,2012,11303,9,0.08,3
Madhya Pradesh,2013,10994,5,0.05,3
Madhya Pradesh,2014,12651,4,0.03,1
Madhya Pradesh,2015,15942,1,0.01,1
Madhya Pradesh,2016,16784,1,0.01,1
Madhya Pradesh,2017,19253,9,0.05,2
Madhya Pradesh,2018,21973,6,0.03,4
Madhya Pradesh,2019,28897,0,0.0,0
Madhya Pradesh,2020,17224,2,0.01,1
Madhya Pradesh,2021,26909,3,0.01,3
Madhya Pradesh,2022,36242,0,0.0,0
Madhya Pradesh,2023,32354,4,0.01,4
Madhya Pradesh,2024,12395,2,0.02,1
Madhya Pradesh,2025,24827,9,0.04,4
Madhya Pradesh,2026,2021,0,0.0,0
Maharashtra,2001,600,0,0.0,0
Maharashtra,2002,2501,0,0.0,0
Maharashtra,2003,7138,0,0.0,0
Maharashtra,2004,8961,1,0.01,0
Maharashtra,2005,11555,0,0.0,0
Maharashtra,2006,10319,0,0.0,0
Maharashtra,2007,14176,0,0.0,0
Maharashtra,2008,9486,0,0.0,0
Maharashtra,2009,17552,31,0.18,0
Maharashtra,2010,18798,0,0.0,0
Maharashtra,2011,17016,0,0.0,0
Maharashtra,2012,15128,0,0.0,0
Maharashtra,2013,15658,0,0.0,0
Maharashtra,2014,13663,0,0.0,0
Maharashtra,2015,21576,0,0.0,0
Maharashtra,2016,29230,0,0.0,0
Maharashtra,2017,28144,0,0.0,0
Maharashtra,2018,29435,0,0.0,0
Maharashtra,2019,27803,0,0.0,0
Maharashtra,2020,25588,0,0.0,0
Maharashtra,2021,31633,0,0.0,0
Maharashtra,2022,31466,0,0.0,0
Maharashtra,2023,34378,0,0.0,0
Maharashtra,2024,34730,0,0.0,0
Maharashtra,2025,29983,0,0.0,0
Maharashtra,2026,3066,0,0.0,0
Tamil Nadu,2004,1,0,0.0,0
Tamil Nadu,2005,151,0,0.0,0
Tamil Nadu,2006,268,0,0.0,0
Tamil Nadu,2007,363,0,0.0,0
Tamil Nadu,2008,421,0,0.0,0
Tamil Nadu,2009,575,0,0.0,0
Tamil Nadu,2010,791,0,0.0,0
Tamil Nadu,2011,717,0,0.0,0
Tamil Nadu,2012,281,0,0.0,0
Tamil Nadu,2013,21,0,0.0,0
Tamil Nadu,2014,18,0,0.0,0
Tamil Nadu,2016,2,0,0.0,0
Tamil Nadu,2017,1,0,0.0,0
Tamil Nadu,2018,5,0,0.0,0
Tamil Nadu,2023,20,0,0.0,0
Tamil Nadu,2024,86043,50,0.06,7
Tamil Nadu,2025,121362,5,0.0,2
Tamil Nadu,2026,16050,0,0.0,0
Uttar Pradesh,2002,2287,216,9.44,0
Uttar Pradesh,2003,21295,1661,7.8,0
Uttar Pradesh,2004,16686,1097,6.57,0
Uttar Pradesh,2005,20709,1041,5.03,0
Uttar Pradesh,2006,29912,3159,10.56,0
Uttar Pradesh,2007,41820,9114,21.79,61
Uttar Pradesh,2008,51483,17685,34.35,458
Uttar Pradesh,2009,46389,21014,45.3,8
Uttar Pradesh,2010,76255,41524,54.45,76
Uttar Pradesh,2011,85998,43989,51.15,190
Uttar Pradesh,2012,62909,24363,38.73,11
Uttar Pradesh,2013,72078,30465,42.27,8
Uttar Pradesh,2014,70297,27081,38.52,8
Uttar Pradesh,2015,75444,27501,36.45,18
Uttar Pradesh,2016,65452,34688,53.0,9
Uttar Pradesh,2017,112059,21559,19.24,118
Uttar Pradesh,2018,152564,2795,1.83,146
Uttar Pradesh,2019,155690,1168,0.75,173
Uttar Pradesh,2020,154552,735,0.48,520
Uttar Pradesh,2021,156822,924,0.59,848
Uttar Pradesh,2022,160402,789,0.49,709
Uttar Pradesh,2023,157163,874,0.56,870
Uttar Pradesh,2024,158081,240,0.15,238
Uttar Pradesh,2025,146230,11,0.01,8
Uttar Pradesh,2026,5330,0,0.0,0
