state,district,latitude,longitude,query_used,matched_name,geocoded_at
Gujarat,Ahmedabad,22.745539,72.2974907,"Ahmedabad district, Gujarat, India","Ahmedabad, Gujarat, India",2026-10-02T12:41:18+00:00
Gujarat,Amreli,21.4176122,71.249609,"Amreli district, Gujarat, India","Amreli, Gujarat, India",2026-10-02T12:41:22+00:00
Gujarat,Anand,22.4739858,72.7361779,"Anand district, Gujarat, India","Anand, Gujarat, India",2026-10-02T12:41:27+00:00
Gujarat,Bharuch,21.8357373,72.8820876,"Bharuch district, Gujarat, India","Bharuch, Gujarat, India",2026-10-02T12:41:36+00:00
Gujarat,Bhavnagar,21.5656705,71.9077622,"Bhavnagar district, Gujarat, India","Bhavnagar, Gujarat, India",2026-10-02T12:41:38+00:00
Gujarat,Dahod,22.9194099,74.1342725,"Dahod district, Gujarat, India","Dahod, Gujarat, India",2026-10-02T12:41:43+00:00
Gujarat,Devbhumi Dwarka,22.243055,68.965726,"Devbhumi Dwarka district, Gujarat, India","Union Bank of India, Post office road, Rachana, Aboti Brahmin Vadi, Devbhumi Dwarka, Okhamandal Taluka, Devbhumi Dwaraka, Gujarat, 361335, India",2026-10-02T12:41:46+00:00
Gujarat,Gandhinagar,23.2819525,72.6536309,"Gandhinagar district, Gujarat, India","Gandhinagar, Gujarat, India",2026-10-02T12:41:48+00:00
Gujarat,Gir Somnath,20.9298181,70.7627578,"Gir Somnath district, Gujarat, India","Gir Somnath, Gujarat, India",2026-10-02T12:41:51+00:00
Gujarat,Jamnagar,22.32997,70.1327524,"Jamnagar district, Gujarat, India","Jamnagar, Gujarat, India",2026-10-02T12:41:54+00:00
Gujarat,Junagarh,21.25,70.333333,"Junagarh district, Gujarat, India","Junagadh, Gujarat, 362229, India",2026-10-02T12:41:56+00:00
Gujarat,Kachchh,23.0942512,69.6152534,"Kachchh district, Gujarat, India","Sector 3 L29, બળધિયા, Bhuj Taluka, Kutch, Gujarat, 370427, India",2026-10-02T12:41:59+00:00
Gujarat,Kheda,22.8532503,72.9953586,"Kheda district, Gujarat, India","Kheda, Gujarat, India",2026-10-02T12:42:02+00:00
Gujarat,Mehsana,23.6013329,72.3899817,"Mehsana district, Gujarat, India","State bank of india -SBI, Station Road, Suryoday Nagar, Mahesana, Mahesana Taluka, Mahesana, Gujarat, 384001, India",2026-10-02T12:42:09+00:00
Gujarat,Morbi,22.8003959,70.886232,"Morbi district, Gujarat, India","Morbi, Gujarat, India",2026-10-02T12:42:12+00:00
Gujarat,Navsari,20.829714,73.0332342,"Navsari district, Gujarat, India","Navsari, Gujarat, India",2026-10-02T12:42:17+00:00
Gujarat,Patan,23.773753,71.6798581,"Patan district, Gujarat, India","Patan, Gujarat, India",2026-10-02T12:42:23+00:00
Gujarat,Porbandar,21.602975,69.8538067,"Porbandar district, Gujarat, India","Porbandar, Gujarat, India",2026-10-02T12:42:25+00:00
Gujarat,Rajkot,22.069288,71.0288686,"Rajkot district, Gujarat, India","Rajkot, Gujarat, India",2026-10-02T12:42:27+00:00
Gujarat,Surat,21.1923647,72.9551023,"Surat district, Gujarat, India","Surat, Gujarat, India",2026-10-02T12:42:33+00:00
Gujarat,Surendranagar,22.8251395,71.6209736,"Surendranagar district, Gujarat, India","Surendranagar, Gujarat, India",2026-10-02T12:42:43+00:00
Gujarat,Vadodara (Baroda),22.3179455,73.3048674,"Vadodara district, Gujarat, India","Vadodara, Gujarat, India",2026-10-02T12:42:44+00:00
Madhya Pradesh,Agar Malwa,23.935092,76.1449595,"Agar Malwa district, Madhya Pradesh, India","Agar Malwa, Madhya Pradesh, India",2026-10-02T12:42:48+00:00
Madhya Pradesh,Alirajpur,22.2859525,74.3545628,"Alirajpur district, Madhya Pradesh, India","Alirajpur, Madhya Pradesh, India",2026-10-02T12:42:51+00:00
Madhya Pradesh,Ashoknagar,24.6186095,77.8786983,"Ashoknagar district, Madhya Pradesh, India","Ashoknagar, Madhya Pradesh, India",2026-10-02T12:42:58+00:00
Madhya Pradesh,Betul,21.8797472,77.8753651,"Betul district, Madhya Pradesh, India","Betul, Madhya Pradesh, India",2026-10-02T12:43:07+00:00
Madhya Pradesh,Bhind,26.3518828,78.6863189,"Bhind district, Madhya Pradesh, India","Bhind, Madhya Pradesh, India",2026-10-02T12:43:11+00:00
Madhya Pradesh,Bhopal,23.4839759,77.3928507,"Bhopal district, Madhya Pradesh, India","Bhopal, Madhya Pradesh, India",2026-10-02T12:43:14+00:00
Madhya Pradesh,Burhanpur,21.334867,76.3708803,"Burhanpur district, Madhya Pradesh, India","Burhanpur, Madhya Pradesh, India",2026-10-02T12:43:16+00:00
Madhya Pradesh,Chhatarpur,24.7606089,79.6781776,"Chhatarpur district, Madhya Pradesh, India","Chhatarpur, Madhya Pradesh, India",2026-10-02T12:43:19+00:00
Madhya Pradesh,Chhindwara,22.2071897,78.798833,"Chhindwara district, Madhya Pradesh, India","Chhindwara, Madhya Pradesh, India",2026-10-02T12:43:22+00:00
Madhya Pradesh,Damoh,23.7981005,79.5419356,"Damoh district, Madhya Pradesh, India","Damoh, Madhya Pradesh, India",2026-10-02T12:43:26+00:00
Madhya Pradesh,Dewas,22.8057498,76.2940408,"Dewas district, Madhya Pradesh, India","Dewas, Madhya Pradesh, India",2026-10-02T12:43:29+00:00
Madhya Pradesh,Dhar,22.5786572,75.2258637,"Dhar district, Madhya Pradesh, India","Dhar, Madhya Pradesh, India",2026-10-02T12:43:35+00:00
Madhya Pradesh,Guna,24.5001772,77.2600959,"Guna district, Madhya Pradesh, India","Guna, Madhya Pradesh, India",2026-10-02T12:43:48+00:00
Madhya Pradesh,Gwalior,26.0287495,78.1570654,"Gwalior district, Madhya Pradesh, India","Gwalior, Madhya Pradesh, India",2026-10-02T12:43:51+00:00
Madhya Pradesh,Harda,22.2427973,77.1179173,"Harda district, Madhya Pradesh, India","Harda, Madhya Pradesh, India",2026-10-02T12:43:55+00:00
Madhya Pradesh,Hoshangabad,22.6503147,77.7509281,"Hoshangabad district, Madhya Pradesh, India","Hoshangābād, Narmadapuram, Madhya Pradesh, 461005, India",2026-10-02T12:44:01+00:00
Madhya Pradesh,Indore,22.7108119,75.8076918,"Indore district, Madhya Pradesh, India","Indore, Madhya Pradesh, India",2026-10-02T12:44:08+00:00
Madhya Pradesh,Jabalpur,23.2230231,79.9825642,"Jabalpur district, Madhya Pradesh, India","Jabalpur, Madhya Pradesh, India",2026-10-02T12:44:16+00:00
Madhya Pradesh,Jhabua,22.8869652,74.7243249,"Jhabua district, Madhya Pradesh, India","Jhabua, Madhya Pradesh, India",2026-10-02T12:44:21+00:00
Madhya Pradesh,Katni,23.7176393,80.2610181,"Katni district, Madhya Pradesh, India","Katni, Madhya Pradesh, India",2026-10-02T12:44:27+00:00
Madhya Pradesh,Khandwa,21.9769779,76.5675344,"Khandwa district, Madhya Pradesh, India","Khandwa, Madhya Pradesh, India",2026-10-02T12:44:30+00:00
Madhya Pradesh,Khargone,21.9544729,75.7521248,"Khargone district, Madhya Pradesh, India","Khargone, Madhya Pradesh, India",2026-10-02T12:44:37+00:00
Madhya Pradesh,Mandsaur,24.2628148,75.385692,"Mandsaur district, Madhya Pradesh, India","Mandsaur, Madhya Pradesh, India",2026-10-02T12:44:41+00:00
Madhya Pradesh,Morena,26.3849794,77.8612721,"Morena district, Madhya Pradesh, India","Morena, Madhya Pradesh, India",2026-10-02T12:44:53+00:00
Madhya Pradesh,Narsinghpur,22.934556,79.0867849,"Narsinghpur district, Madhya Pradesh, India","Narsinghpur, Madhya Pradesh, India",2026-10-02T12:45:01+00:00
Madhya Pradesh,Neemuch,24.6305517,75.1829,"Neemuch district, Madhya Pradesh, India","Neemuch, Madhya Pradesh, India",2026-10-02T12:45:03+00:00
Madhya Pradesh,Raisen,23.2675909,78.1727134,"Raisen district, Madhya Pradesh, India","Raisen, Madhya Pradesh, India",2026-10-02T12:45:08+00:00
Madhya Pradesh,Rajgarh,23.8716707,76.7744703,"Rajgarh district, Madhya Pradesh, India","Rajgarh, Madhya Pradesh, India",2026-10-02T12:45:11+00:00
Madhya Pradesh,Ratlam,23.50222,74.9551534,"Ratlam district, Madhya Pradesh, India","Ratlam, Madhya Pradesh, India",2026-10-02T12:45:18+00:00
Madhya Pradesh,Rewa,24.7560846,81.3810574,"Rewa district, Madhya Pradesh, India","Rewa, Madhya Pradesh, India",2026-10-02T12:45:28+00:00
Madhya Pradesh,Sagar,23.8083076,78.758254,"Sagar district, Madhya Pradesh, India","Sagar, Madhya Pradesh, India",2026-10-02T12:45:32+00:00
Madhya Pradesh,Satna,24.6954445,80.7770348,"Satna district, Madhya Pradesh, India","Satna, Madhya Pradesh, India",2026-10-02T12:45:41+00:00
Madhya Pradesh,Sehore,23.1150041,77.0665356,"Sehore district, Madhya Pradesh, India","Sehore, Madhya Pradesh, India",2026-10-02T12:45:47+00:00
Madhya Pradesh,Seoni,22.2748109,79.7202522,"Seoni district, Madhya Pradesh, India","Seoni, Madhya Pradesh, India",2026-10-02T12:45:54+00:00
Madhya Pradesh,Shajapur,23.4171002,76.6074794,"Shajapur district, Madhya Pradesh, India","Shajapur, Madhya Pradesh, India",2026-10-02T12:45:57+00:00
Madhya Pradesh,Sheopur,25.7499267,76.9212945,"Sheopur district, Madhya Pradesh, India","Sheopur, Madhya Pradesh, India",2026-10-02T12:46:11+00:00
Madhya Pradesh,Shivpuri,25.3741215,77.8278866,"Shivpuri district, Madhya Pradesh, India","Shivpuri, Madhya Pradesh, India",2026-10-02T12:46:14+00:00
Madhya Pradesh,Tikamgarh,24.8552105,79.0472546,"Tikamgarh district, Madhya Pradesh, India","Tikamgarh, Madhya Pradesh, India",2026-10-02T12:46:26+00:00
Madhya Pradesh,Ujjain,23.2933285,75.6263115,"Ujjain district, Madhya Pradesh, India","Ujjain, Madhya Pradesh, India",2026-10-02T12:46:28+00:00
Maharashtra,Ahmednagar,19.1627725,74.8580243,"Ahmednagar district, Maharashtra, India","Ahilyanagar District, Maharashtra, India",2026-10-02T12:46:35+00:00
Maharashtra,Akola,20.7618122,77.1921157,"Akola district, Maharashtra, India","Akola, Maharashtra, India",2026-10-02T12:46:55+00:00
Maharashtra,Beed,18.9918442,75.909784,"Beed district, Maharashtra, India","Beed, Maharashtra, India",2026-10-02T12:47:03+00:00
Maharashtra,Buldhana,20.562845,76.4086986,"Buldhana district, Maharashtra, India","Buldhana, Maharashtra, India",2026-10-02T12:47:04+00:00
Maharashtra,Chandrapur,20.0967555,79.5045475,"Chandrapur district, Maharashtra, India","Chandrapur, Maharashtra, India",2026-10-02T12:47:09+00:00
Maharashtra,Dharashiv (Usmanabad),18.169844,76.1179632,"Dharashiv district, Maharashtra, India","Dharashiv, Maharashtra, India",2026-10-02T12:47:22+00:00
Maharashtra,Dhule,21.1305215,74.4900614,"Dhule district, Maharashtra, India","Dhule, Maharashtra, India",2026-10-02T12:47:26+00:00
Maharashtra,Jalana,19.8588884,75.8468099,"Jalana district, Maharashtra, India","Making India Stronger, NH753A;NH752I, Jalna, Maharashtra, 431200, India",2026-10-02T12:47:33+00:00
Maharashtra,Jalgaon,20.8428827,75.5261246,"Jalgaon district, Maharashtra, India","Jalgaon, Maharashtra, India",2026-10-02T12:47:35+00:00
Maharashtra,Kolhapur,16.4626695,74.0894749,"Kolhapur district, Maharashtra, India","Kolhapur, Maharashtra, India",2026-10-02T12:47:41+00:00
Maharashtra,Latur,18.3553347,76.7548997,"Latur district, Maharashtra, India","Latur, Maharashtra, India",2026-10-02T12:47:46+00:00
Maharashtra,Mumbai,19.0592671,72.861326,"Mumbai district, Maharashtra, India","Securities Exchange Board of India, mumbai, Bandra Kurla Complex Road, Sant Dnyaneshwar Nagar, Bandra Kurla Complex, H/E Ward, Mumbai Zone 3, Mumbai, Mumbai Suburban District, Maharashtra, 400051, India",2026-10-02T12:47:50+00:00
Maharashtra,Nagpur,21.1529647,79.0145059,"Nagpur district, Maharashtra, India","Nagpur, Maharashtra, India",2026-10-02T12:47:53+00:00
Maharashtra,Nandurbar,21.5141622,74.5405513,"Nandurbar district, Maharashtra, India","Nandurbar, Maharashtra, India",2026-10-02T12:48:00+00:00
Maharashtra,Nashik,20.2254559,74.104233,"Nashik district, Maharashtra, India","Nashik, Maharashtra, India",2026-10-02T12:48:02+00:00
Maharashtra,Pune,18.6448627,73.9224157,"Pune district, Maharashtra, India","Pune, Maharashtra, India",2026-10-02T12:48:30+00:00
Maharashtra,Raigad,18.4928092,73.138071,"Raigad district, Maharashtra, India","Raigad, Maharashtra, India",2026-10-02T12:48:50+00:00
Maharashtra,Ratnagiri,17.2826079,73.4569787,"Ratnagiri district, Maharashtra, India","Ratnagiri, Maharashtra, India",2026-10-02T12:48:54+00:00
Maharashtra,Sangli,17.1726928,74.5867654,"Sangli district, Maharashtra, India","Sangli, Maharashtra, India",2026-10-02T12:48:56+00:00
Maharashtra,Satara,17.6361289,74.2982781,"Satara district, Maharashtra, India","Satara, Maharashtra, India",2026-10-02T12:49:01+00:00
Maharashtra,Sholapur,17.6140336,75.9382475,"Sholapur district, Maharashtra, India","Food Corporation of India, Ramlal Nagar, Solapur, Solapur North, Solapur, Maharashtra, 413001, India",2026-10-02T12:49:08+00:00
Maharashtra,Thane,19.3653598,73.3685437,"Thane district, Maharashtra, India","Thane, Maharashtra, India",2026-10-02T12:49:21+00:00
Maharashtra,Wardha,20.8256231,78.6131455,"Wardha district, Maharashtra, India","Wardha, Maharashtra, India",2026-10-02T12:49:24+00:00
Uttar Pradesh,Agra,27.0755504,77.8753832,"Agra district, Uttar Pradesh, India","Agra, Uttar Pradesh, India",2026-10-02T12:49:27+00:00
Uttar Pradesh,Aligarh,27.8761073,78.1358153,"Aligarh district, Uttar Pradesh, India","Aligarh, Uttar Pradesh, India",2026-10-02T12:49:35+00:00
Uttar Pradesh,Amethi,26.346274,81.6252039,"Amethi district, Uttar Pradesh, India","Amethi, Uttar Pradesh, India",2026-10-02T12:49:43+00:00
Uttar Pradesh,Amroha,28.7952632,78.3436244,"Amroha district, Uttar Pradesh, India","Amroha, Uttar Pradesh, India",2026-10-02T12:49:46+00:00
Uttar Pradesh,Auraiya,26.6558215,79.5160757,"Auraiya district, Uttar Pradesh, India","Auraiya, Uttar Pradesh, India",2026-10-02T12:49:50+00:00
Uttar Pradesh,Ayodhya,26.6382763,82.0585034,"Ayodhya district, Uttar Pradesh, India","Ayodhya, Uttar Pradesh, India",2026-10-02T12:49:54+00:00
Uttar Pradesh,Azamgarh,26.023639,83.0293105,"Azamgarh district, Uttar Pradesh, India","Azamgarh, Uttar Pradesh, India",2026-10-02T12:49:58+00:00
Uttar Pradesh,Badaun,28.0649367,79.043832,"Badaun district, Uttar Pradesh, India","Badaun, Uttar Pradesh, India",2026-10-02T12:50:00+00:00
Uttar Pradesh,Baghpat,29.0374779,77.3062737,"Baghpat district, Uttar Pradesh, India","Baghpat, Uttar Pradesh, India",2026-10-02T12:50:10+00:00
Uttar Pradesh,Bahraich,27.7343823,81.47654,"Bahraich district, Uttar Pradesh, India","Bahraich, Uttar Pradesh, India",2026-10-02T12:50:14+00:00
Uttar Pradesh,Ballia,25.8749595,84.1210329,"Ballia district, Uttar Pradesh, India","Ballia, Uttar Pradesh, India",2026-10-02T12:50:18+00:00
Uttar Pradesh,Balrampur,27.4476988,82.3956245,"Balrampur district, Uttar Pradesh, India","Balrampur, Uttar Pradesh, India",2026-10-02T12:50:23+00:00
Uttar Pradesh,Banda,25.4438537,80.5595237,"Banda district, Uttar Pradesh, India","Banda, Uttar Pradesh, India",2026-10-02T12:50:28+00:00
Uttar Pradesh,Barabanki,26.9421406,81.3856087,"Barabanki district, Uttar Pradesh, India","Barabanki, Uttar Pradesh, India",2026-10-02T12:50:32+00:00
Uttar Pradesh,Bareilly,28.4582345,79.4047452,"Bareilly district, Uttar Pradesh, India","Bareilly, Uttar Pradesh, India",2026-10-02T12:50:35+00:00
Uttar Pradesh,Basti,26.8387083,82.5350919,"Basti district, Uttar Pradesh, India","Basti, Uttar Pradesh, India",2026-10-02T12:50:40+00:00
Uttar Pradesh,Bhadohi (Sant Ravi Nagar),25.3627897,82.6846939,"Bhadohi district, Uttar Pradesh, India","Union Bank Of India Kandhiya Phatak, Dhanapur Road, KANDHIYA, Bhadohi, Sant Ravidas Nagar, Uttar Pradesh, 221201, India",2026-10-02T12:50:42+00:00
Uttar Pradesh,Bijnor,29.4074203,78.4821406,"Bijnor district, Uttar Pradesh, India","Bijnor, Uttar Pradesh, India",2026-10-02T12:50:44+00:00
Uttar Pradesh,Bulandshahar,28.5242541,77.5995188,"Bulandshahar district, Uttar Pradesh, India","Exit 7 Bulandshahar, Delhi Eastern Peripheral Expressway, Beel Akbarpur, Dadri, Gautam Buddha Nagar, Uttar Pradesh, 201314, India",2026-10-02T12:50:51+00:00
Uttar Pradesh,Chandauli,25.125695,83.2494601,"Chandauli district, Uttar Pradesh, India","Chandauli, Uttar Pradesh, India",2026-10-02T12:51:01+00:00
Uttar Pradesh,Chitrakut,25.2173874,80.9236326,"Chitrakut district, Uttar Pradesh, India","Chitrakut Dham Karwi, Station road, Chitrakoot Dham, Karwi, Chitrakoot, Uttar Pradesh, 210205, India",2026-10-02T12:51:03+00:00
Uttar Pradesh,Deoria,26.4239911,83.7638578,"Deoria district, Uttar Pradesh, India","Deoria, Uttar Pradesh, India",2026-10-02T12:51:05+00:00
Uttar Pradesh,Etah,27.5550357,78.5992221,"Etah district, Uttar Pradesh, India","Etah, Uttar Pradesh, India",2026-10-02T12:51:08+00:00
Uttar Pradesh,Etawah,26.7155629,79.0917098,"Etawah district, Uttar Pradesh, India","Etawah, Uttar Pradesh, India",2026-10-02T12:51:12+00:00
Uttar Pradesh,Fatehpur,25.8348023,80.9154547,"Fatehpur district, Uttar Pradesh, India","Fatehpur, Uttar Pradesh, India",2026-10-02T12:51:22+00:00
Uttar Pradesh,Firozabad,27.1941954,78.4604956,"Firozabad district, Uttar Pradesh, India","Firozabad, Uttar Pradesh, India",2026-10-02T12:51:28+00:00
Uttar Pradesh,Gautam Budh Nagar,28.4492122,77.5281018,"Gautam Budh Nagar district, Uttar Pradesh, India","SR PROP ZONE INDIA PVT. LTD., S-8, Sector 31 D Block Road, Sector 31 Tau, Sector 20, Greater Noida, Gautam Buddha Nagar, Uttar Pradesh, 201308, India",2026-10-02T12:51:33+00:00
Uttar Pradesh,Ghaziabad,28.7749966,77.4586967,"Ghaziabad district, Uttar Pradesh, India","Ghaziabad, Uttar Pradesh, India",2026-10-02T12:51:37+00:00
Uttar Pradesh,Ghazipur,25.6034863,83.5075888,"Ghazipur district, Uttar Pradesh, India","Ghazipur, Uttar Pradesh, India",2026-10-02T12:51:42+00:00
Uttar Pradesh,Gonda,27.1103723,81.9238906,"Gonda district, Uttar Pradesh, India","Gonda, Uttar Pradesh, India",2026-10-02T12:51:47+00:00
Uttar Pradesh,Gorakhpur,26.6677977,83.3642334,"Gorakhpur district, Uttar Pradesh, India","Gorakhpur, Uttar Pradesh, India",2026-10-02T12:51:51+00:00
Uttar Pradesh,Hamirpur,25.75,80.0,"Hamirpur district, Uttar Pradesh, India","Hamirpur, Uttar Pradesh, India",2026-10-02T12:51:55+00:00
Uttar Pradesh,Hapur,28.7166767,77.890433,"Hapur district, Uttar Pradesh, India","Hapur, Uttar Pradesh, India",2026-10-02T12:52:02+00:00
Uttar Pradesh,Hardoi,27.3369978,80.0998232,"Hardoi district, Uttar Pradesh, India","Hardoi, Uttar Pradesh, India",2026-10-02T12:52:07+00:00
Uttar Pradesh,Hathras,27.5724324,78.1116209,"Hathras district, Uttar Pradesh, India","Hathras, Uttar Pradesh, India",2026-10-02T12:52:13+00:00
Uttar Pradesh,Jalaun (Orai),26.1048633,79.3919136,"Jalaun district, Uttar Pradesh, India","Jalaun, Uttar Pradesh, India",2026-10-02T12:52:17+00:00
Uttar Pradesh,Jaunpur,25.7967065,82.4888992,"Jaunpur district, Uttar Pradesh, India","Jaunpur, Uttar Pradesh, India",2026-10-02T12:52:24+00:00
Uttar Pradesh,Jhansi,25.529855,78.6527802,"Jhansi district, Uttar Pradesh, India","Jhansi, Uttar Pradesh, India",2026-10-02T12:52:27+00:00
Uttar Pradesh,Kanpur,26.5,80.0,"Kanpur district, Uttar Pradesh, India","Kānpur, Kanpur Dehat, Uttar Pradesh, India",2026-10-02T12:52:37+00:00
Uttar Pradesh,Kanpur Dehat,26.4585639,79.8548052,"Kanpur Dehat district, Uttar Pradesh, India","Kanpur Dehat, Uttar Pradesh, India",2026-10-02T12:52:42+00:00
Uttar Pradesh,Kasganj,27.7888527,78.8229701,"Kasganj district, Uttar Pradesh, India","Kasganj, Uttar Pradesh, India",2026-10-02T12:52:47+00:00
Uttar Pradesh,Kaushambi,25.5342456,81.4493567,"Kaushambi district, Uttar Pradesh, India","Kaushambi, Uttar Pradesh, India",2026-10-02T12:52:48+00:00
Uttar Pradesh,Khiri (Lakhimpur),28.1834229,80.7131272,"Lakhimpur district, Uttar Pradesh, India","Lakhimpur Kheri, Uttar Pradesh, India",2026-10-02T12:52:53+00:00
Uttar Pradesh,Kushinagar,26.9242612,83.8324465,"Kushinagar district, Uttar Pradesh, India","Kushinagar, Uttar Pradesh, India",2026-10-02T12:52:57+00:00
Uttar Pradesh,Lakhimpur,28.1834229,80.7131272,"Lakhimpur district, Uttar Pradesh, India","Lakhimpur Kheri, Uttar Pradesh, India",2026-10-02T12:53:00+00:00
Uttar Pradesh,Lalitpur,24.6999688,78.51862,"Lalitpur district, Uttar Pradesh, India","Lalitpur, Uttar Pradesh, India",2026-10-02T12:53:05+00:00
Uttar Pradesh,Lucknow,26.8312463,80.9174154,"Lucknow district, Uttar Pradesh, India","Lucknow, Uttar Pradesh, India",2026-10-02T12:53:07+00:00
Uttar Pradesh,Maharajganj,27.1424107,83.5390118,"Maharajganj district, Uttar Pradesh, India","Combined District Hospital, Maharajganj, NH730, Maharajganj, Mahrajganj, Uttar Pradesh, 273303, India",2026-10-02T12:53:10+00:00
Uttar Pradesh,Mahoba,25.3615938,79.706011,"Mahoba district, Uttar Pradesh, India","Mahoba, Uttar Pradesh, India",2026-10-02T12:53:15+00:00
Uttar Pradesh,Mainpuri,27.2093072,79.0625369,"Mainpuri district, Uttar Pradesh, India","Mainpuri, Uttar Pradesh, India",2026-10-02T12:53:18+00:00
Uttar Pradesh,Mathura,27.633333,77.583333,"Mathura district, Uttar Pradesh, India","Mathura, Uttar Pradesh, India",2026-10-02T12:53:23+00:00
Uttar Pradesh,Mau (Maunathbhanjan),26.0390905,83.4985846,"Mau district, Uttar Pradesh, India","Mau, Uttar Pradesh, India",2026-10-02T12:53:26+00:00
Uttar Pradesh,Meerut,29.0018557,77.7679671,"Meerut district, Uttar Pradesh, India","Meerut, Uttar Pradesh, India",2026-10-02T12:53:28+00:00
Uttar Pradesh,Mirzapur,24.9316896,82.6280163,"Mirzapur district, Uttar Pradesh, India","Mirzapur, Uttar Pradesh, India",2026-10-02T12:53:33+00:00
Uttar Pradesh,Muzaffarnagar,29.4496979,77.7429333,"Muzaffarnagar district, Uttar Pradesh, India","Muzaffarnagar, Uttar Pradesh, India",2026-10-02T12:53:37+00:00
Uttar Pradesh,Pratapgarh,25.75,81.75,"Pratapgarh district, Uttar Pradesh, India","Pratapgarh, Uttar Pradesh, India",2026-10-02T12:53:47+00:00
Uttar Pradesh,Prayagraj,25.2793187,81.9034977,"Prayagraj district, Uttar Pradesh, India","Prayagraj, Uttar Pradesh, India",2026-10-02T12:53:49+00:00
Uttar Pradesh,Raebarelli,26.772397,80.9443626,"Raebarelli district, Uttar Pradesh, India","Raebarelli Road, Lucknow, Uttar Pradesh, 226029, India",2026-10-02T12:53:56+00:00
Uttar Pradesh,Rampur,28.7934728,79.1845806,"Rampur district, Uttar Pradesh, India","Rampur, Uttar Pradesh, India",2026-10-02T12:54:03+00:00
Uttar Pradesh,Saharanpur,29.9856799,77.5040646,"Saharanpur district, Uttar Pradesh, India","Saharanpur, Uttar Pradesh, India",2026-10-02T12:54:07+00:00
Uttar Pradesh,Sambhal,28.4271928,78.5564546,"Sambhal district, Uttar Pradesh, India","Sambhal, Uttar Pradesh, India",2026-10-02T12:54:16+00:00
Uttar Pradesh,Sant Kabir Nagar,26.755082,83.0398545,"Sant Kabir Nagar district, Uttar Pradesh, India","Sant Kabir Nagar, Uttar Pradesh, India",2026-10-02T12:54:20+00:00
Uttar Pradesh,Shahjahanpur,27.9128583,79.7476254,"Shahjahanpur district, Uttar Pradesh, India","Shahjahanpur, Uttar Pradesh, India",2026-10-02T12:54:23+00:00
Uttar Pradesh,Shamli,29.4811508,77.2901344,"Shamli district, Uttar Pradesh, India","Shamli, Uttar Pradesh, India",2026-10-02T12:54:31+00:00
Uttar Pradesh,Shravasti,27.5083429,82.0263569,"Shravasti district, Uttar Pradesh, India","Sravasti, Ikauna, Sharavasti, Uttar Pradesh, India",2026-10-02T12:54:36+00:00
Uttar Pradesh,Siddharth Nagar,27.2752892,83.0675485,"Siddharth Nagar district, Uttar Pradesh, India","Police Office Siddharth Nagar, siddharth nagar, NH28;NH730, Naugarh, Siddharthnagar, Uttar Pradesh, 272203, India",2026-10-02T12:54:39+00:00
Uttar Pradesh,Sitapur,27.5026748,80.8335139,"Sitapur district, Uttar Pradesh, India","Sitapur, Uttar Pradesh, India",2026-10-02T12:54:44+00:00
Uttar Pradesh,Sonbhadra,24.4148159,83.0637517,"Sonbhadra district, Uttar Pradesh, India","Sonbhadra, Uttar Pradesh, India",2026-10-02T12:54:51+00:00
Uttar Pradesh,Unnao,26.5673264,80.6198193,"Unnao district, Uttar Pradesh, India","Unnao, Uttar Pradesh, India",2026-10-02T12:54:54+00:00
Uttar Pradesh,Varanasi,25.3719338,82.9414272,"Varanasi district, Uttar Pradesh, India","Varanasi, Uttar Pradesh, India",2026-10-02T12:54:59+00:00
Gujarat,Banaskanth,24.2693869,72.5367513,"Banaskantha district, Gujarat, India","Banaskantha, Gujarat, India",2026-10-02T12:55:34+00:00
Gujarat,Panchmahals,22.6978099,73.5980682,"Panchmahal district, Gujarat, India","Panchmahal, Gujarat, India",2026-10-02T12:55:45+00:00
Madhya Pradesh,Anupur,23.0346179,81.7510255,"Anuppur district, Madhya Pradesh, India","Anuppur, Madhya Pradesh, India",2026-10-02T12:55:56+00:00
Madhya Pradesh,Badwani,21.7514248,74.8915957,"Barwani district, Madhya Pradesh, India","Barwani, Madhya Pradesh, India",2026-10-02T12:55:58+00:00
Madhya Pradesh,Singroli,24.2431343,82.3827672,"Singrauli district, Madhya Pradesh, India","Singrauli, Madhya Pradesh, India",2026-10-02T12:57:03+00:00
Maharashtra,Amarawati,21.1545412,77.6442962,"Amravati district, Maharashtra, India","Amravati, Maharashtra, India",2026-10-02T12:57:12+00:00
Maharashtra,Chattrapati Sambhajinagar,20.0224932,75.1515442,"Chhatrapati Sambhajinagar district, Maharashtra, India","Chhatrapati Sambhajinagar, Maharashtra, India",2026-10-02T12:57:20+00:00
Uttar Pradesh,Ambedkarnagar,26.4045941,82.6065154,"Ambedkar Nagar district, Uttar Pradesh, India","Ambedkar Nagar, Uttar Pradesh, India",2026-10-02T12:58:23+00:00
Uttar Pradesh,Farukhabad,27.4362003,79.4894778,"Farrukhabad district, Uttar Pradesh, India","Farrukhabad, Uttar Pradesh, India",2026-10-02T12:59:27+00:00
Uttar Pradesh,Kannuj,26.9986675,79.6927946,"Kannauj district, Uttar Pradesh, India","Kannauj, Uttar Pradesh, India",2026-10-02T13:00:13+00:00
Uttar Pradesh,Pillibhit,28.4947158,80.1076122,"Pilibhit district, Uttar Pradesh, India","Pilibhit, Uttar Pradesh, India",2026-10-02T13:00:50+00:00
